KanbanID,Order No1,Qty,,,,,,,,,,,
S767,T8917579,1,,,,,,,,,,,
S15L,T8917579,3,,,,,,,,,,,
S81M,T8917579,1,,,,,,,,,,,
S21L,T8917579,3,,,,,,,,,,,
S88M,T8917579,1,,,,,,,,,,,
S91M,T8917579,1,,,,,,,,,,,
SA9N,T8917579,1,,,,,,,,,,,
S90E,T8917579,6,,,,,,,,,,,
S91E,T8917579,15,,,,,,,,,,,
SA6Z,T8917579,3,,,,,,,,,,,
SA3Z,T8917579,2,,,,,,,,,,,
S32L,T8917579,2,,,,,,,,,,,
S87L,T8917579,2,,,,,,,,,,,
S36L,T8917579,1,,,,,,,,,,,
S68K,T8917579,1,,,,,,,,,,,
S69K,T8917579,2,,,,,,,,,,,
S94E,T8917579,1,,,,,,,,,,,
S95E,T8917579,1,,,,,,,,,,,
S97E,T8917579,1,,,,,,,,,,,
SB9B,T8917579,1,,,,,,,,,,,
SA8X,T8917579,1,,,,,,,,,,,
SA5N,T8917579,1,,,,,,,,,,,
S79N,T8917579,1,,,,,,,,,,,
S84N,T8917579,1,,,,,,,,,,,
SI52,T8917579,1,,,,,,,,,,,
SI27,TYPE C 17608,6,,,,,,,,,,,
S05L,TYPE C 17608,40,,,,,,,,,,,
S62M,TYPE C 17608,48,,,,,,,,,,,
S21L,TYPE C 17608,10,,,,,,,,,,,
S23L,TYPE C 17608,4,,,,,,,,,,,
S64R,TYPE C 17608,6,,,,,,,,,,,
S24L,TYPE C 17608,6,,,,,,,,,,,
S90M,TYPE C 17608,6,,,,,,,,,,,
S51N,TYPE C 17608,9,,,,,,,,,,,
S94M,TYPE C 17608,18,,,,,,,,,,,
S71R,TYPE C 17608,3,,,,,,,,,,,
S95M,TYPE C 17608,6,,,,,,,,,,,
S1U2,TYPE C 17608,4,,,,,,,,,,,
S1E6,TYPE C 17608,24,,,,,,,,,,,
S16U,TYPE C 17608,12,,,,,,,,,,,
S89V,TYPE C 17608,22,,,,,,,,,,,
S91E,TYPE C 17608,45,,,,,,,,,,,
S87L,TYPE C 17608,6,,,,,,,,,,,
S1F1,TYPE C 17608,29,,,,,,,,,,,
S78R,TYPE C 17608,11,,,,,,,,,,,
S80R,TYPE C 17608,10,,,,,,,,,,,
S80K,TYPE C 17608,20,,,,,,,,,,,
S92V,TYPE C 17608,19,,,,,,,,,,,
S93V,TYPE C 17608,8,,,,,,,,,,,
X390,TYPE C 17608,3,,,,,,,,,,,
S91V,TYPE C 17608,55,,,,,,,,,,,
S11L,T8917631,2,,,,,,,,,,,
SA3Z,T8917631,3,,,,,,,,,,,
S32L,T8917631,2,,,,,,,,,,,
S21H,T8917638,5,,,,,,,,,,,
SI27,T8917638,9,,,,,,,,,,,
S05L,T8917638,24,,,,,,,,,,,
S62M,T8917638,2,,,,,,,,,,,
S85M,T8917638,3,,,,,,,,,,,
S87M,T8917638,7,,,,,,,,,,,
S24L,T8917638,3,,,,,,,,,,,
S90M,T8917638,3,,,,,,,,,,,
S51N,T8917638,3,,,,,,,,,,,
S94M,T8917638,12,,,,,,,,,,,
S71R,T8917638,3,,,,,,,,,,,
S95M,T8917638,3,,,,,,,,,,,
SI68,T8917638,2,,,,,,,,,,,
S1U9,T8917638,1,,,,,,,,,,,
S10J,T8917638,1,,,,,,,,,,,
S1L4,T8917638,1,,,,,,,,,,,
S86V,T8917638,11,,,,,,,,,,,
S1E6,T8917638,2,,,,,,,,,,,
S16U,T8917638,2,,,,,,,,,,,
S17U,T8917638,2,,,,,,,,,,,
S0I2,T8917638,3,,,,,,,,,,,
S89V,T8917638,17,,,,,,,,,,,
S1F1,T8917638,6,,,,,,,,,,,
S90V,T8917638,10,,,,,,,,,,,
S78R,T8917638,2,,,,,,,,,,,
S91V,T8917638,8,,,,,,,,,,,
S80R,T8917638,3,,,,,,,,,,,
S80K,T8917638,9,,,,,,,,,,,
S90K,T8917638,9,,,,,,,,,,,
S92V,T8917638,6,,,,,,,,,,,
S88N,T8917638,2,,,,,,,,,,,
S93V,T8917638,5,,,,,,,,,,,
S92N,T8917638,4,,,,,,,,,,,
S66J,T8917638,1,,,,,,,,,,,
S0J8,T8917638,1,,,,,,,,,,,
S66Y,T8917638,1,,,,,,,,,,,
S073,T8917638,1,,,,,,,,,,,
S59Q,T8917638,4,,,,,,,,,,,
S76N,T8917638,1,,,,,,,,,,,
S77N,T8917638,1,,,,,,,,,,,
S96S,T8917638,1,,,,,,,,,,,
S80N,T8917638,11,,,,,,,,,,,
